
{
	"spectrumData" : {
		"Note" : {
			"Example method of storing data, compatible with various programming languages",
			"it is supported in python as well."
			},
		"timeStamp" : ["16:44", "27/10/2022"],
		"BandA" : {
			"Band_A_Enabled" : true,
			"A_AVR" : [ 1.001, 2.2,1.2332, 3.1232, 1.001, 2.22332, 3.1232, 1.001],
			"A21_40" : [1.2332, 3.1232, 1.001, 2.2], 
			"A41-61" : [1.2332, 3.1232, 1.001, 2.2],
			"A21-40" : [1.2332, 3.1232, 1.001, 2.2], 
			"A41-61" : [1.2332, 3.1232, 1.001, 2.2],
			"A21-40" : [1.2332, 3.1232, 1.001, 2.2], 
			"A41-61" : [1.2332, 3.1232, 1.001, 2.2],
			"A21-40" : [1.2332, 3.1232, 1.001, 2.2], 
			"A41-61" : [1.2332, 3.1232, 1.001, 2.2],
			"A21-40" : [1.2332, 3.1232, 1.001, 2.2], 
			"A41-61" : [1.2332, 3.1232, 1.001, 2.2],
			"A21-40" : [1.2332, 3.1232, 1.001, 2.2], 
			"A41-61" : [1.2332, 3.1232, 1.001, 2.2],
			"A21-40" : [1.2332, 3.1232, 1.001, 2.2], 
			"A41-61" : [1.2332, 3.1232, 1.001, 2.2],
			"A21-40" : [1.2332, 3.1232, 1.001, 2.2], 
			"A41-61" : [1.2332, 3.1232, 1.001, 2.2],
			"A21-40" : [1.2332, 3.1232, 1.001, 2.2], 
			"A41-61" : [1.2332, 3.1232, 1.001, 2.2],
			"A21-40" : [1.2332, 3.1232, 1.001, 2.2], 
			"A41-61" : [1.2332, 3.1232, 1.001, 2.2]
		},
		"BandB" : {
			"Band_B_Enabled" : true,
			"B_AVR" : [ 1.001, 2.2,1.2332, 3.1232, 1.001, 2.22332, 3.1232, 1.001],
			"A21_40" : [1.2332, 3.1232, 1.001, 2.2], 
			"A41-61" : [1.2332, 3.1232, 1.001, 2.2],
			"A21-40" : [1.2332, 3.1232, 1.001, 2.2], 
			"A41-61" : [1.2332, 3.1232, 1.001, 2.2],
			"A21-40" : [1.2332, 3.1232, 1.001, 2.2], 
			"A41-61" : [1.2332, 3.1232, 1.001, 2.2],
			"A21-40" : [1.2332, 3.1232, 1.001, 2.2], 
			"A41-61" : [1.2332, 3.1232, 1.001, 2.2],
			"A21-40" : [1.2332, 3.1232, 1.001, 2.2] 
			},
		"BandC" : [1.2332, 3.1232, 1.001, 2.2,1.2332, 3.1232, 1.001, 2.22332, 3.1232, 1.001, 2.2],
		"BandD" : [1.2332, 3.1232, 1.001, 2.2,1.2332, 3.1232, 1.001, 2.22332, 3.1232, 1.001, 2.2],
		"BandE" : [1.2332, 3.1232, 1.001, 2.2,1.2332, 3.1232, 1.001, 2.22332, 3.1232, 1.001, 2.2],
		"BandC" : [1.2332, 3.1232, 1.001, 2.2,1.2332, 3.1232, 1.001, 2.22332, 3.1232, 1.001, 2.2],
		"BandC" : [1.2332, 3.1232, 1.001, 2.2,1.2332, 3.1232, 1.001, 2.22332, 3.1232, 1.001, 2.2],
		"BandD" : [1.2332, 3.1232, 1.001, 2.2,1.2332, 3.1232, 1.001, 2.22332, 3.1232, 1.001, 2.2],
		"BandFG" : [1.2332, 3.1232, 1.001, 2.2,1.2332, 3.1232, 1.001, 2.22332, 3.1232, 1.001, 2.2],
		"BandWF" : [1.2332, 3.1232, 1.001, 2.2,1.2332, 3.1232, 1.001, 2.22332, 3.1232, 1.001, 2.2],
		"BandXC" : [1.2332, 3.1232, 1.001, 2.2,1.2332, 3.1232, 1.001, 2.22332, 3.1232, 1.001, 2.2]
		
	}
}